INSERT INTO ROOT.NODE VALUES (100000, 'APHP','APHP','APHP', NULL)
INSERT INTO ROOT.NODE VALUES (110000, 'HOSPITAL','HOSPITAL','Hôpital Robert-Debré', 100000)
INSERT INTO ROOT.NODE VALUES (111000, 'POLE','POLE','Pôle Pédiatrie', 110000)
INSERT INTO ROOT.NODE VALUES (111100, 'SERVICE','SERVICE','Service de Pédiatrie Générale', 111000)
INSERT INTO ROOT.NODE VALUES (111200, 'SERVICE','SERVICE','Service de Néphrologie', 111000)
INSERT INTO ROOT.NODE VALUES (111110, 'HOSPITAL_UNIT','HOSPITAL_UNIT','Unité Consultations de Pédiatrie Générale', 111100)
INSERT INTO ROOT.NODE VALUES (111120, 'HOSPITAL_UNIT','HOSPITAL_UNIT','Unité Pédiatrie Générale', 111100)
INSERT INTO ROOT.NODE VALUES (111210, 'HOSPITAL_UNIT','HOSPITAL_UNIT','Unité Néphrologie Pédiatrique', 111200)
INSERT INTO ROOT.NODE VALUES (111111, 'CARE_UNIT','CARE_UNIT','Unité Pédiatrie', 111110)
INSERT INTO ROOT.NODE VALUES (111121, 'CARE_UNIT','CARE_UNIT','Unité Obésité', 111120)
INSERT INTO ROOT.NODE VALUES (111211, 'CARE_UNIT','CARE_UNIT','Unité Néphrologie', 111210)
INSERT INTO ROOT.NODE VALUES (111212, 'CARE_UNIT','CARE_UNIT','Unité Transplantation Rénale', 111210)
INSERT INTO ROOT.USERACCOUNT VALUES (1,'oRWenfNnDVSdBFJFMmKfVHfOt97sm0XkfowAlQbsssg=','DATA_MANAGER', 'adrien.godart@ap-hp.fr')
INSERT INTO ROOT.USERACCOUNT VALUES (2,'oRWenfNnDVSdBFJFMmKfVHfOt97sm0XkfowAlQbsssg=','DATA_MANAGER', 'juliette.monet@ap-hp.fr')
INSERT INTO ROOT.USERACCOUNT VALUES (3,'oRWenfNnDVSdBFJFMmKfVHfOt97sm0XkfowAlQbsssg=','DOCTOR', 'albert.faye@ap-hp.fr')
INSERT INTO ROOT.USERACCOUNT VALUES (4,'oRWenfNnDVSdBFJFMmKfVHfOt97sm0XkfowAlQbsssg=','DOCTOR', 'georges.deschenes@ap-hp.fr')
INSERT INTO ROOT.USERACCOUNT VALUES (5,'oRWenfNnDVSdBFJFMmKfVHfOt97sm0XkfowAlQbsssg=','DOCTOR', 'fabrice.quercia@ap-hp.fr')
INSERT INTO ROOT.USERACCOUNT VALUES (6,'oRWenfNnDVSdBFJFMmKfVHfOt97sm0XkfowAlQbsssg=','DOCTOR', 'helene.baltakse@ap-hp.fr')
INSERT INTO ROOT.USERACCOUNT VALUES (7,'oRWenfNnDVSdBFJFMmKfVHfOt97sm0XkfowAlQbsssg=','DOCTOR', 'albert.bensman@ap-hp.fr')
INSERT INTO ROOT.USERACCOUNT VALUES (8,'oRWenfNnDVSdBFJFMmKfVHfOt97sm0XkfowAlQbsssg=','NURSE', 'christian.martin@ap-hp.fr')
INSERT INTO ROOT.USERACCOUNT VALUES (9,'oRWenfNnDVSdBFJFMmKfVHfOt97sm0XkfowAlQbsssg=','NURSE', 'jean.bernard@ap-hp.fr')
INSERT INTO ROOT.USERACCOUNT VALUES (10,'oRWenfNnDVSdBFJFMmKfVHfOt97sm0XkfowAlQbsssg=','NURSE', 'caroline.dubois@ap-hp.fr')
INSERT INTO ROOT.MEDICALSTAFF VALUES (1,'DATA_MANAGER', '8 rue Scribe, 95400 Villiers-le-Bel', 'adrien.godart@ap-hp.fr','Adrien' ,'GODART' , '01.41.75.31.82' ,'DATA_MANAGER',100000,NULL) 
INSERT INTO ROOT.MEDICALSTAFF VALUES (2,'DATA_MANAGER', '7 rue de Paris, 95400 Villiers-le-Bel','juliette.monet@ap-hp.fr' ,'Juliette' ,'MONET' ,'01.31.54.70.39' ,'DATA_MANAGER',100000,NULL) 
INSERT INTO ROOT.MEDICALSTAFF VALUES (3,'DOCTOR', '26 rue de Paris, 93230 Romainville','albert.faye@ap-hp.fr' ,'Albert' ,'FAYE' ,'01.40.03.53.61' ,'DOCTOR',111000,NULL) 
INSERT INTO ROOT.MEDICALSTAFF VALUES (4,'DOCTOR', '30 Rue Voltaire, 75011 Paris','georges.deschenes@ap-hp.fr' ,'Georges' ,'DESCHENES' ,'01.40.03.24.67' ,'DOCTOR',111200,NULL) 
INSERT INTO ROOT.MEDICALSTAFF VALUES (5,'DOCTOR', '7 Rue Danton, 75006 Paris','fabrice.quercia@ap-hp.fr' ,'Fabrice' ,'QUERCIA' ,'01.40.03.22.34' ,'DOCTOR',111111,NULL) 
INSERT INTO ROOT.MEDICALSTAFF VALUES (4,'DOCTOR', '8 Rue Jean Moulin, 93260 Les Lilas','helene.baltakse@ap-hp.fr' ,'Hélène' ,'BALTAKSE' ,'01.40.03.22.34' ,'DOCTOR',111121,NULL) 
INSERT INTO ROOT.MEDICALSTAFF VALUES (5,'DOCTOR', '13 Rue Saint-Germain, 93230 Romainville','albert.bensman@ap-hp.fr' ,'Albert' ,'BENSMAN' ,'01.40.03.24.67' ,'DOCTOR',111211,NULL) 
INSERT INTO ROOT.MEDICALSTAFF VALUES (6,'NURSE', '17 Avenue des Entrepreneurs, 95400 Villiers-le-Bel','christian.martin@ap-hp.fr' ,'Christian' ,'MARTIN' ,'01.24.72.06.61' ,'NURSE',111111,NULL) 
INSERT INTO ROOT.MEDICALSTAFF VALUES (7,'NURSE', '16 Avenue du 8 Mai 1945, 95400 Villiers-le-Bel','jean.bernard@ap-hp.fr' ,'Jean' ,'BERNARD' ,'01.43.57.19.31' ,'NURSE',111121,NULL) 
INSERT INTO ROOT.MEDICALSTAFF VALUES (8,'NURSE', '15 Avenue Julia, 95400 Villiers-le-Bel','caroline.dubois@ap-hp.fr' ,'Caroline' ,'DUBOIS' ,'01.43.94.25.94' ,'NURSE',111211,NULL) 
INSERT INTO ROOT.MEDICALSTAFF VALUES (8,'NURSE', '15 Avenue Julia, 95400 Villiers-le-Bel','caroline.dubois@ap-hp.fr' ,'Caroline' ,'DUBOIS' ,'01.43.94.25.94' ,'NURSE',111211,NULL) 
INSERT INTO ROOT.MEDICALRECORD VALUES (1000, '70 rue Marguerite, Vitry-Châtillon', '19/07/1999', 'Vauchelles les Domart', 'benjamin.petit@gmail.com', 'Benjamin', 'H', 'PETIT', '01.78.33.95.90', '199078077869733', 111111)
INSERT INTO ROOT.MEDICALRECORD VALUES (1001, '56 rue de Lille, PARIS', '10/09/2005', 'Yainville', 'julien.caillet@gmail.com', 'Julien', 'H', 'CAILLET', '01.62.89.98.13', '105097675043228', 111111)
INSERT INTO ROOT.MEDICALRECORD VALUES (1002, '30 Rue Frédéric Chopin, Versailles', '24/09/2004', 'Marcilly', 'simon.levy@gmail.com', 'Simon', 'H', 'LEVY', '01.94.24.22.68', '104097727427338', 111121)
INSERT INTO ROOT.MEDICALRECORD VALUES (1001, '7 avenue de l Amandier, Bois-Colombes', '30/06/2008', 'Vieugy', 'michael.martin@gmail.com', 'Michael', 'H', 'MARTIN', '01.57.68.72.62', '108067492678128', 111211)
INSERT INTO ROOT.MEDICALRECORD VALUES (1002, '10 Boulevard Einstein, Champs-sur-Marne', '04/02/2006', 'SANNOIS', 'françois.dupond@gmail.com', 'François', 'H', 'DUPOND', '01.91.90.05.83', '106029558234247', 111212)
